[
    {
        "name": "ReactJS",
        "icon": "https://img.icons8.com/external-tal-revivo-color-tal-revivo/48/000000/external-react-a-javascript-library-for-building-user-interfaces-logo-color-tal-revivo.png"
    },
    {
        "name": "Supabase",
        "icon": "https://img.icons8.com/color/48/000000/supabase.png"
    },
    {
        "name": "NodeJS",
        "icon": "https://img.icons8.com/color/48/000000/nodejs.png"
    },
    {
        "name": "ExpressJS",
        "icon": "https://img.icons8.com/fluency/48/000000/node-js.png"
    },
    {
        "name": "Firebase",
        "icon": "https://img.icons8.com/color/48/000000/firebase.png"
    },
    {
        "name": "Android",
        "icon": "https://img.icons8.com/fluency/48/000000/android-os.png"
    },
    {
        "name": "Vercel",
        "icon": "https://img.icons8.com/color/48/000000/vercel.png"
    },
    {
        "name": "Docker",
        "icon": "https://img.icons8.com/color/48/000000/docker.png"
    },
    {
        "name": "TailwindCSS",
        "icon": "https://upload.wikimedia.org/wikipedia/commons/thumb/d/d5/Tailwind_CSS_Logo.svg/48px-Tailwind_CSS_Logo.png"
    },
    {
        "name": "NextJS",
        "icon": "https://img.icons8.com/color/48/nextjs.png"
    },
    {
        "name": "Sass",
        "icon": "https://img.icons8.com/color/48/000000/sass.png"
    },
    {
        "name": "HTML5",
        "icon": "https://img.icons8.com/color/48/000000/html-5--v1.png"
    },
    {
        "name": "CSS3",
        "icon": "https://img.icons8.com/color/48/000000/css3.png"
    },
    {
        "name": "JavaScript",
        "icon": "https://img.icons8.com/color/48/000000/javascript--v1.png"
    },
    {
        "name": "Java",
        "icon": "https://img.icons8.com/color/48/000000/java-coffee-cup-logo--v1.png"
    },
    {
        "name": "Kotlin",
        "icon": "https://img.icons8.com/color/48/000000/kotlin.png"
    },
    {
        "name": "PHP",
        "icon": "https://img.icons8.com/offices/48/000000/php-logo.png"
    },
    {
        "name": "Python",
        "icon": "https://img.icons8.com/color/48/000000/python--v1.png"
    },
    {
        "name": "C++",
        "icon": "https://img.icons8.com/color/48/000000/c-plus-plus-logo.png"
    },
    {
        "name": "MongoDB",
        "icon": "https://img.icons8.com/color/48/000000/mongodb.png"
    },
    {
        "name": "MySQL",
        "icon": "https://img.icons8.com/color/48/000000/mysql-logo.png"
    },
    {
        "name": "PostgreSQL",
        "icon": "https://img.icons8.com/color/48/000000/postgreesql.png"
    },
    {
        "name": "AWS",
        "icon": "https://img.icons8.com/color/48/000000/amazon-web-services.png"
    },
    {
        "name": "Heroku",
        "icon": "https://img.icons8.com/color/48/000000/heroku.png"
    },
    {
        "name": "Netlify",
        "icon": "https://img.icons8.com/external-tal-revivo-shadow-tal-revivo/48/000000/external-netlify-a-cloud-computing-company-that-offers-hosting-and-serverless-backend-services-for-static-websites-logo-shadow-tal-revivo.png"
    },
    {
        "name": "DigitalOcean",
        "icon": "https://img.icons8.com/ios-filled/48/0080FF/digitalocean.png"
    },
    {
        "name": "Typescript",
        "icon": "https://img.icons8.com/color/48/typescript.png"
    },
    {
        "name": "Git VCS",
        "icon": "https://img.icons8.com/color/48/000000/git.png"
    },
    {
        "name": "GitHub",
        "icon": "https://img.icons8.com/glyph-neue/48/ffffff/github.png"
    },
    {
        "name": "WordPress",
        "icon": "https://img.icons8.com/color/48/000000/wordpress.png"
    }    
]